{"cameraMode":{"drawMode":0,"name":"Shaded","section":"Shading Mode"},"sceneLighting":true,"audioPlay":false,"sceneViewState":{"showFog":true,"showMaterialUpdate":true,"showSkybox":true,"showFlares":true,"showImageEffects":true,"showParticleSystems":true},"in2DMode":false,"pivot":{"x":-4.498073101043701,"y":-100.43379211425781,"z":317.9305114746094},"rotation":{"x":-0.1423177570104599,"y":0.010669787414371968,"z":-0.00153597560711205,"w":-0.9897721409797669},"size":196.2381134033203,"orthographic":false}