{"cameraMode":{"drawMode":0,"name":"Shaded","section":"Shading Mode"},"sceneLighting":true,"audioPlay":false,"sceneViewState":{"showFog":true,"showMaterialUpdate":true,"showSkybox":true,"showFlares":true,"showImageEffects":true,"showParticleSystems":true},"in2DMode":false,"pivot":{"x":2.8632588386535646,"y":9.250716209411621,"z":15.733553886413575},"rotation":{"x":-0.02871513180434704,"y":0.9591084122657776,"z":-0.26111847162246706,"w":-0.1054593175649643},"size":0.17320507764816285,"orthographic":false}