{"cameraMode":{"drawMode":0,"name":"Shaded","section":"Shading Mode"},"sceneLighting":true,"audioPlay":false,"sceneViewState":{"showFog":true,"showMaterialUpdate":true,"showSkybox":true,"showFlares":true,"showImageEffects":true,"showParticleSystems":true},"in2DMode":false,"pivot":{"x":-1.3394386768341065,"y":6.340611934661865,"z":9.652355194091797},"rotation":{"x":0.13488174974918366,"y":-0.031844910234212878,"z":0.004355866927653551,"w":0.9903516173362732},"size":7.301761627197266,"orthographic":false}