{"cameraMode":{"drawMode":0,"name":"Shaded","section":"Shading Mode"},"sceneLighting":true,"audioPlay":false,"sceneViewState":{"showFog":true,"showMaterialUpdate":true,"showSkybox":true,"showFlares":true,"showImageEffects":true,"showParticleSystems":true},"in2DMode":false,"pivot":{"x":0.9280452728271484,"y":1.790330410003662,"z":13.581671714782715},"rotation":{"x":0.1007474958896637,"y":0.1442337930202484,"z":-0.014763080514967442,"w":0.9842919111251831},"size":8.950933456420899,"orthographic":false}