{"cameraMode":{"drawMode":0,"name":"Shaded","section":"Shading Mode"},"sceneLighting":true,"audioPlay":false,"sceneViewState":{"showFog":true,"showMaterialUpdate":true,"showSkybox":true,"showFlares":true,"showImageEffects":true,"showParticleSystems":true},"in2DMode":false,"pivot":{"x":0.2534884810447693,"y":9.348706245422364,"z":-4.611303329467773},"rotation":{"x":0.0960061177611351,"y":0.06649722158908844,"z":-0.006410082336515188,"w":0.9931421875953674},"size":0.07071064412593842,"orthographic":false}