{"cameraMode":{"drawMode":0,"name":"Shaded","section":"Shading Mode"},"sceneLighting":true,"audioPlay":false,"sceneViewState":{"showFog":true,"showMaterialUpdate":true,"showSkybox":true,"showFlares":true,"showImageEffects":true,"showParticleSystems":true},"in2DMode":false,"pivot":{"x":2.297414541244507,"y":46.363616943359378,"z":383.91455078125},"rotation":{"x":0.018305128440260888,"y":0.01649250090122223,"z":-0.00029487162828445435,"w":0.9997168779373169},"size":240.41748046875,"orthographic":false}