{"cameraMode":{"drawMode":0,"name":"Shaded","section":"Shading Mode"},"sceneLighting":true,"audioPlay":false,"sceneViewState":{"showFog":true,"showMaterialUpdate":true,"showSkybox":true,"showFlares":true,"showImageEffects":true,"showParticleSystems":true},"in2DMode":false,"pivot":{"x":36.70537185668945,"y":-15.89036750793457,"z":28.18071174621582},"rotation":{"x":-0.20508220791816712,"y":-0.45615354180336,"z":0.10885198414325714,"w":-0.8591324687004089},"size":42.47303009033203,"orthographic":false}