{"cameraMode":{"drawMode":0,"name":"Shaded","section":"Shading Mode"},"sceneLighting":true,"audioPlay":false,"sceneViewState":{"showFog":true,"showMaterialUpdate":true,"showSkybox":true,"showFlares":true,"showImageEffects":true,"showParticleSystems":true},"in2DMode":false,"pivot":{"x":-11.164222717285157,"y":-1.9827864170074463,"z":2.6861186027526857},"rotation":{"x":-0.2810830771923065,"y":0.26937103271484377,"z":-0.08253296464681626,"w":-0.9174004793167114},"size":10.0,"orthographic":false}